{
    "vestri": [[0.47, -0.2, 0.176, 1.5707963267948966, -1], [0.81, 0.2, 0.292, 4.625122517784973, 1]],
    "vestri_table": [[0.43, -0.34, 0.176, 1.5707963267948966, -1], [0.89, 0.32, 0.292, 4.625122517784973, 1]],
    "vestri_table_default": [[0.43, -0.34, 0.176, 1.5707963267948966, -1], [0.89, 0.32, 0.292, 4.625122517784973, 1]],
    "sudri": [[0.45, -0.18, 0.176, 1.5707963267948966, -1], [0.79, 0.22, 0.292, 4.625122517784973, 1]],
    "test": [[0.47, -0.2, 0.1587, 1.5707963267948966, -1], [0.81, 0.2, 0.2747, 4.625122517784973, 1]],
    "baxter": [[ 0.6, -0.5 , -0.18, 15.0,  0.0 ], [ 8.0e-01, -5.0e-02,  -0.0316,  3.2e+02,  1.0e+02]]
}
